{"stats":{"minecraft:picked_up":{"minecraft:tropical_fish":1,"minecraft:soul_lantern":2,"create:tiled_glass":1},"minecraft:dropped":{"minecraft:soul_lantern":2,"create:tiled_glass":1},"minecraft:killed":{"naturalist:butterfly":1},"minecraft:used":{"minecraft:soul_lantern":11,"minecraft:oak_fence":41,"minecraft:smooth_quartz_stairs":84,"minecraft:ocelot_spawn_egg":1,"supplementaries:candle_holder_red":22,"minecraft:crimson_fence":46,"minecraft:cod_spawn_egg":29,"minecraft:magma_block":11,"minecraft:red_nether_brick_slab":33,"minecraft:oak_slab":21,"minecraft:smooth_quartz_slab":152,"minecraft:lantern":21,"minecraft:cherry_slab":25,"minecraft:pufferfish_spawn_egg":6,"minecraft:oak_planks":20,"minecraft:quartz_block":3,"minecraft:chain":16,"minecraft:axolotl_spawn_egg":12,"minecraft:stone":3,"minecraft:cherry_leaves":20,"minecraft:smooth_quartz":33,"minecraft:red_nether_brick_stairs":56,"minecraft:quartz_stairs":3,"minecraft:crimson_planks":66,"biomesoplenty:flowering_oak_leaves":221},"minecraft:custom":{"minecraft:time_since_rest":123941,"minecraft:crouch_one_cm":1997,"minecraft:play_time":123941,"minecraft:sprint_one_cm":19860,"minecraft:walk_one_cm":111752,"minecraft:sneak_time":1290,"minecraft:walk_under_water_one_cm":307,"minecraft:mob_kills":1,"minecraft:drop":3,"minecraft:jump":279,"minecraft:damage_dealt":160,"minecraft:leave_game":1,"minecraft:time_since_death":123941,"minecraft:walk_on_water_one_cm":27523,"minecraft:total_world_time":123941,"minecraft:fly_one_cm":267877}},"DataVersion":3465}