{"stats":{"minecraft:picked_up":{"minecraft:tripwire_hook":1,"candlelight:candlelight_standard":1,"vinery:grapevine_stem":1,"irons_spellbooks:cinder_essence":1,"minecraft:chest":3,"minecraft:goat_horn":1,"minecraft:rotten_flesh":2,"minecraft:weeping_vines":1,"minecraft:tropical_fish":5,"minecraft:bone_meal":1,"biomesoplenty:white_petals":5},"minecraft:dropped":{"minecraft:goat_horn":1,"minecraft:diamond_block":704,"pamhc2foodcore:chocolaterollitem":1,"minecraft:netherite_ingot":448,"minecraft:lead":1,"supplementaries:soap":1,"pamhc2foodcore:chocolatedonutitem":1,"takesapillage:ravager_horn":1},"minecraft:killed":{"supplementaries:red_merchant":1,"irons_spellbooks:citadel_keeper":1,"minecraft:villager":2},"minecraft:used":{"create:honey_bucket":1,"minecraft:calcite":1,"minecraft:quartz_bricks":217,"handcrafted:evoker_trophy":2,"minecraft:oak_fence":137,"create:calcite_pillar":5,"biomesoplenty:willow_vine":2,"minecraft:water_bucket":15,"minecraft:end_rod":2,"minecraft:light_gray_stained_glass_pane":88,"minecraft:smooth_quartz_slab":133,"minecraft:red_stained_glass":7,"minecraft:redstone":20,"minecraft:prismarine":6,"minecraft:oak_planks":30,"securitycraft:secret_cherry_sign_item":3,"minecraft:chest":7,"supplementaries:daub":2,"minecraft:stone":2,"minecraft:iron_sword":7,"minecraft:redstone_block":4,"minecraft:sculk":49,"handcrafted:phantom_trophy":1,"minecraft:magenta_stained_glass":2,"minecraft:sheep_spawn_egg":1,"minecraft:glow_ink_sac":2,"minecraft:horse_spawn_egg":2,"minecraft:deepslate_bricks":15,"minecraft:smooth_quartz_stairs":30,"minecraft:orange_stained_glass":6,"untamedwilds:hippo_spawn_egg":1,"minecraft:white_wool":48,"irons_spellbooks:keeper_spawn_egg":1,"minecraft:dirt":7,"minecraft:anvil":3,"create:flywheel":3,"minecraft:light_blue_dye":1,"minecraft:oak_slab":51,"minecraft:crafting_table":4,"supplementaries:faucet":1,"minecraft:blast_furnace":6,"securitycraft:reinforced_polished_andesite":10,"minecraft:deepslate_brick_slab":5,"minecraft:ochre_froglight":332,"minecraft:stone_brick_wall":20,"minecraft:pink_dye":1,"securitycraft:secret_dark_oak_sign_item":3,"biomesoplenty:rainbow_birch_leaves":2,"bakery:wandering_baker_spawn_egg":1,"minecraft:redstone_torch":10,"minecraft:deepslate_tile_wall":60,"minecraft:deepslate_tiles":12,"minepop:minepop_superman":1,"minecraft:sticky_piston":3,"minecraft:stone_brick_slab":6,"minecraft:sea_lantern":69,"minecraft:lava_bucket":9,"minecraft:quartz_pillar":2,"minecraft:villager_spawn_egg":2,"minecraft:lantern":1,"minecraft:red_wool":67,"minecraft:black_stained_glass_pane":1,"minecraft:iron_block":92,"minecraft:grass_block":48,"minecraft:string":2,"minecraft:cherry_trapdoor":47,"minecraft:dark_oak_leaves":6,"candlelight:chocolate_box":9,"supplementaries:red_merchant_spawn_egg":1,"minecraft:cherry_leaves":15,"minecraft:smooth_quartz":168,"create:large_water_wheel":2,"minecraft:stone_bricks":3,"minecraft:soul_lantern":4,"minepop:randombox":1,"minecraft:tripwire_hook":3,"minecraft:diamond_sword":13,"minecraft:glowstone":3,"minecraft:repeater":15,"farmersdelight:straw_bale":18,"securitycraft:reinforced_chiseled_crystal_quartz_block":3,"minecraft:black_stained_glass":2,"minecraft:stripped_oak_wood":1,"minecraft:goat_horn":5,"minecraft:lime_stained_glass":6,"minecraft:furnace":4,"minecraft:deepslate_tile_stairs":7,"minecraft:white_stained_glass":64,"minecraft:pink_stained_glass":18,"minecraft:oak_boat":1,"biomesoplenty:spanish_moss":2,"takesapillage:ravager_horn":2,"minecraft:white_concrete":3,"minecraft:dragon_head":1,"minecraft:cherry_log":4,"minecraft:smooth_stone":67,"biomesoplenty:flowering_oak_leaves":131,"handcrafted:witch_trophy":3},"minecraft:custom":{"minecraft:interact_with_anvil":6,"minecraft:mob_kills":4,"minecraft:interact_with_crafting_table":1,"minecraft:leave_game":1,"minecraft:time_since_death":219284,"minecraft:time_since_rest":219284,"minecraft:sprint_one_cm":117923,"minecraft:open_enderchest":1,"minecraft:damage_taken":65,"minecraft:walk_one_cm":269327,"minecraft:drop":24,"minecraft:damage_dealt":1348,"minecraft:talked_to_villager":3,"minecraft:fly_one_cm":2384857,"minecraft:player_kills":2,"minecraft:open_chest":4,"minecraft:crouch_one_cm":21608,"minecraft:play_time":219284,"minecraft:sneak_time":14282,"minecraft:walk_under_water_one_cm":998,"minecraft:jump":579,"minecraft:interact_with_blast_furnace":1,"minecraft:walk_on_water_one_cm":35165,"minecraft:total_world_time":219284,"minecraft:fall_one_cm":1496,"minecraft:horse_one_cm":2219}},"DataVersion":3465}