{"stats":{"minecraft:mined":{"biomesoplenty:jacaranda_log":18,"minecraft:furnace":3,"minecraft:iron_ore":67,"minecraft:stone":198,"minecraft:crafting_table":3,"minecraft:cobblestone":3,"minecraft:wall_torch":3,"minecraft:coal_ore":103},"minecraft:picked_up":{"minecraft:crafting_table":3,"minecraft:chicken":9,"minecraft:string":4,"candlelight:candlelight_standard":1,"minecraft:light_gray_wool":1,"minecraft:chest":3,"minecraft:furnace":3,"minecraft:stick":2,"minecraft:raw_iron":66,"minecraft:torch":3,"minecraft:porkchop":6,"minecraft:rabbit_foot":2,"minecraft:goat_horn":1,"minecraft:rotten_flesh":14,"minecraft:arrow":3,"minecraft:weeping_vines":1,"biomesoplenty:jacaranda_log":18,"minecraft:tropical_fish":5,"biomesoplenty:white_petals":5,"minecraft:mutton":2,"minecraft:cobblestone":200,"minecraft:feather":10,"minecraft:tripwire_hook":1,"minecraft:bone":2,"minecraft:rabbit_hide":2,"minecraft:iron_ingot":8,"vinery:grapevine_stem":1,"minecraft:rabbit":4,"irons_spellbooks:cinder_essence":1,"minecraft:bone_meal":1,"minecraft:coal":132},"minecraft:killed":{"minecraft:spider":4,"naturalist:snail":1,"minecraft:skeleton":3,"minecraft:chicken":12,"minecraft:pig":2,"supplementaries:red_merchant":1,"minecraft:rabbit":4,"irons_spellbooks:citadel_keeper":1,"minecraft:creeper":1,"minecraft:sheep":1,"minecraft:zombie":12,"minecraft:villager":2},"minecraft:broken":{"minecraft:stone_pickaxe":2},"minecraft:dropped":{"pamhc2foodcore:chocolaterollitem":1,"minecraft:lead":1,"tombstone:grave_key":1,"minecraft:goat_horn":1,"minecraft:diamond_block":704,"minecraft:netherite_ingot":448,"pamhc2foodcore:chocolatedonutitem":1,"supplementaries:soap":1,"takesapillage:ravager_horn":1,"minecraft:wooden_pickaxe":1},"minecraft:crafted":{"minecraft:cooked_chicken":9,"minecraft:furnace":4,"minecraft:cooked_mutton":2,"minecraft:iron_boots":1,"minecraft:stone_pickaxe":2,"minecraft:cooked_rabbit":4,"biomesoplenty:jacaranda_planks":64,"minecraft:cooked_porkchop":2,"minecraft:crafting_table":2,"minecraft:wooden_pickaxe":1,"minecraft:iron_helmet":1,"minecraft:stone_axe":1,"minecraft:air":0,"minecraft:iron_chestplate":1,"minecraft:stick":32,"minecraft:iron_ingot":41,"minecraft:iron_pickaxe":1,"minecraft:stone_sword":1,"minecraft:iron_leggings":1,"minecraft:torch":12},"minecraft:used":{"handcrafted:evoker_trophy":2,"minecraft:oak_fence":137,"create:calcite_pillar":5,"biomesoplenty:willow_vine":2,"minecraft:stone_sword":109,"minecraft:light_gray_stained_glass_pane":88,"minecraft:smooth_quartz_slab":133,"minecraft:redstone":20,"securitycraft:secret_cherry_sign_item":3,"minecraft:chest":7,"minecraft:stone":2,"minecraft:iron_sword":7,"minecraft:sculk":49,"minecraft:cooked_chicken":9,"minecraft:rotten_flesh":4,"untamedwilds:hippo_spawn_egg":1,"minecraft:orange_stained_glass":6,"minecraft:torch":10,"minecraft:dirt":7,"minecraft:anvil":3,"minecraft:light_blue_dye":1,"supplementaries:faucet":1,"minecraft:deepslate_brick_slab":5,"minecraft:pink_dye":1,"biomesoplenty:rainbow_birch_leaves":2,"minepop:minepop_superman":1,"minecraft:stone_brick_slab":6,"minecraft:sea_lantern":69,"minecraft:lava_bucket":9,"minecraft:quartz_pillar":2,"minecraft:villager_spawn_egg":2,"minecraft:iron_block":92,"minecraft:red_wool":67,"minecraft:black_stained_glass_pane":1,"minecraft:lantern":1,"minecraft:grass_block":48,"minecraft:cherry_trapdoor":47,"minecraft:dark_oak_leaves":6,"supplementaries:red_merchant_spawn_egg":1,"minecraft:cherry_leaves":15,"minecraft:smooth_quartz":168,"biomesoplenty:jacaranda_log":2,"minecraft:stone_bricks":3,"minepop:randombox":1,"minecraft:glowstone":3,"minecraft:tripwire_hook":3,"minecraft:repeater":15,"securitycraft:reinforced_chiseled_crystal_quartz_block":3,"minecraft:black_stained_glass":2,"minecraft:lime_stained_glass":6,"minecraft:furnace":8,"minecraft:goat_horn":5,"minecraft:deepslate_tile_stairs":7,"tombstone:gift":2,"biomesoplenty:spanish_moss":2,"minecraft:dragon_head":1,"minecraft:cherry_log":4,"create:honey_bucket":1,"minecraft:calcite":1,"minecraft:quartz_bricks":217,"minecraft:water_bucket":15,"minecraft:end_rod":2,"minecraft:red_stained_glass":7,"minecraft:stone_pickaxe":262,"minecraft:prismarine":6,"minecraft:oak_planks":30,"minecraft:wooden_pickaxe":4,"supplementaries:daub":2,"minecraft:redstone_block":4,"handcrafted:phantom_trophy":1,"minecraft:magenta_stained_glass":2,"minecraft:sheep_spawn_egg":1,"minecraft:glow_ink_sac":2,"minecraft:horse_spawn_egg":2,"minecraft:deepslate_bricks":15,"minecraft:smooth_quartz_stairs":30,"minecraft:white_wool":48,"irons_spellbooks:keeper_spawn_egg":1,"create:flywheel":3,"minecraft:oak_slab":51,"minecraft:crafting_table":8,"securitycraft:reinforced_polished_andesite":10,"minecraft:blast_furnace":6,"minecraft:ochre_froglight":332,"minecraft:stone_brick_wall":20,"securitycraft:secret_dark_oak_sign_item":3,"bakery:wandering_baker_spawn_egg":1,"minecraft:redstone_torch":10,"minecraft:deepslate_tile_wall":60,"minecraft:deepslate_tiles":12,"minecraft:sticky_piston":3,"minecraft:string":2,"minecraft:iron_pickaxe":108,"candlelight:chocolate_box":9,"create:large_water_wheel":2,"minecraft:soul_lantern":4,"minecraft:stone_axe":26,"minecraft:diamond_sword":13,"farmersdelight:straw_bale":18,"minecraft:cobblestone":9,"minecraft:stripped_oak_wood":1,"minecraft:cooked_porkchop":2,"minecraft:white_stained_glass":64,"minecraft:pink_stained_glass":18,"minecraft:oak_boat":1,"minecraft:white_concrete":3,"takesapillage:ravager_horn":2,"minecraft:smooth_stone":67,"biomesoplenty:flowering_oak_leaves":131,"handcrafted:witch_trophy":3},"minecraft:custom":{"minecraft:mob_kills":44,"minecraft:interact_with_anvil":6,"minecraft:interact_with_crafting_table":14,"minecraft:leave_game":2,"minecraft:time_since_death":31376,"minecraft:sprint_one_cm":203059,"minecraft:walk_one_cm":343255,"minecraft:drop":26,"minecraft:talked_to_villager":3,"minecraft:play_time":252528,"minecraft:deaths":1,"minecraft:sneak_time":23037,"minecraft:walk_under_water_one_cm":998,"minecraft:jump":1146,"minecraft:interact_with_blast_furnace":1,"minecraft:walk_on_water_one_cm":35165,"minecraft:total_world_time":252528,"minecraft:interact_with_furnace":32,"minecraft:time_since_rest":29750,"minecraft:open_enderchest":1,"minecraft:damage_taken":796,"minecraft:damage_dealt":6269,"minecraft:fly_one_cm":2499881,"minecraft:player_kills":2,"minecraft:open_chest":4,"minecraft:crouch_one_cm":49891,"tombstone:undead_killed":15,"minecraft:fall_one_cm":10148,"minecraft:horse_one_cm":2219}},"DataVersion":3465}