{"stats":{"minecraft:mined":{"minecraft:iron_ore":2,"minecraft:spruce_log":5,"minecraft:crafting_table":1,"minecraft:grass":4,"minecraft:oak_log":1,"pamhc2crops:frostgarden":3,"minecraft:spruce_leaves":10,"minecraft:stone":18,"minecraft:oak_leaves":2},"minecraft:picked_up":{"pamhc2crops:cottonitem":1,"minecraft:crafting_table":1,"minecraft:raw_iron":2,"pamhc2crops:oatsitem":1,"minecraft:oak_log":1,"minecraft:spruce_log":5,"untamedwilds:hide_gray":2,"minecraft:bone":3,"pamhc2crops:rutabagaitem":1,"minecraft:black_wool":1,"minecraft:mutton":2,"minecraft:white_wool":1,"minecraft:cobblestone":18},"minecraft:killed":{"minecraft:sheep":2,"untamedwilds:big_cat":1},"minecraft:crafted":{"minecraft:oak_planks":4,"minecraft:crafting_table":1,"minecraft:spruce_planks":20,"minecraft:stick":8,"minecraft:wooden_pickaxe":1,"minecraft:stone_pickaxe":1,"minecraft:wooden_axe":1,"minecraft:stone_axe":1},"minecraft:used":{"pamhc2crops:rutabagaitem":2,"minecraft:stone_pickaxe":14,"minecraft:wooden_pickaxe":6,"minecraft:stone_axe":6,"minecraft:white_wool":1,"minecraft:cobblestone":1,"minecraft:crafting_table":1},"minecraft:custom":{"minecraft:time_since_rest":6689,"minecraft:sprint_one_cm":21004,"minecraft:damage_taken":20,"minecraft:walk_one_cm":4183,"minecraft:mob_kills":3,"minecraft:damage_dealt":460,"minecraft:interact_with_crafting_table":3,"minecraft:fly_one_cm":34413,"minecraft:crouch_one_cm":2982,"minecraft:play_time":6689,"minecraft:sneak_time":1089,"minecraft:jump":237,"minecraft:leave_game":1,"minecraft:time_since_death":6689,"minecraft:total_world_time":6689,"minecraft:fall_one_cm":6864}},"DataVersion":3465}