{"stats":{"minecraft:custom":{"minecraft:jump":115,"minecraft:damage_dealt":29,"minecraft:time_since_rest":14765,"minecraft:damage_taken":420,"minecraft:leave_game":5,"minecraft:crouch_one_cm":84,"minecraft:play_time":16935,"minecraft:time_since_death":14737,"minecraft:sprint_one_cm":20940,"minecraft:walk_one_cm":12874,"minecraft:walk_on_water_one_cm":998,"minecraft:deaths":1,"minecraft:sneak_time":292,"minecraft:total_world_time":16935,"minecraft:walk_under_water_one_cm":12325,"minecraft:swim_one_cm":8100,"minecraft:fall_one_cm":2475,"minecraft:fly_one_cm":176794},"minecraft:used":{"minepop:minepop_pain":1},"minecraft:killed_by":{"minecraft:skeleton":1},"minecraft:mined":{"minecraft:tall_grass":1,"minecraft:grass":2,"biomesoplenty:umbran_log":2}},"DataVersion":3465}