{"stats":{"minecraft:custom":{"minecraft:time_since_rest":3813,"minecraft:sprint_one_cm":65451,"minecraft:open_enderchest":3,"minecraft:walk_one_cm":185133,"minecraft:mob_kills":3,"minecraft:drop":6,"minecraft:damage_dealt":569,"minecraft:interact_with_beacon":1,"minecraft:talked_to_villager":1,"minecraft:fly_one_cm":457504,"minecraft:crouch_one_cm":91,"minecraft:play_time":135284,"minecraft:deaths":16,"minecraft:sneak_time":332,"minecraft:jump":493,"minecraft:leave_game":11,"minecraft:time_since_death":3777,"minecraft:walk_on_water_one_cm":37199,"minecraft:total_world_time":135284},"minecraft:picked_up":{"cfm:white_sofa":1,"bakery:street_sign":1,"minecraft:allium":1,"minecraft:light_gray_stained_glass":1,"vinery:grapevine_pot":1,"biomesoplenty:rainbow_birch_leaves":1,"minecraft:water_bucket":1,"farmersdelight:safety_net":1,"minecraft:beacon":1,"minecraft:stone_brick_slab":1,"minecraft:torch":2,"vinery:winemaker_boots":1,"untamedwilds:flora_bush_temperate":4,"ecologics:flowering_azalea_sign":1,"vinery:winemaker_apron":1,"minecraft:black_stained_glass_pane":1,"vinery:straw_hat":1,"irons_spellbooks:evoker_spell_book":1,"supplementaries:candle_holder_red":1,"minecraft:grass_block":1,"minecraft:gunpowder":4,"minecraft:diamond_block":64,"vinery:winemaker_leggings":1,"farmersdelight:black_hanging_canvas_sign":1,"minecraft:quartz_bricks":64,"minecraft:arrow":2,"minecraft:stone_axe":3,"minecraft:rotten_flesh":2,"biomesoplenty:jacaranda_slab":1,"minecraft:stone_bricks":1,"minecraft:tropical_fish":4,"biomesoplenty:origin_leaves":1,"ecologics:azalea_planks":2,"minecraft:wheat_seeds":3,"minecraft:deepslate_brick_slab":1,"minecraft:smooth_stone":1,"supplementaries:bubble_blower":1,"minecraft:iron_block":3,"supplementaries:ash":1,"cfm:stripped_birch_upgraded_fence":1,"candlelight:napkin":1,"candlelight:love_letter_open":1},"minecraft:dropped":{"minecraft:water_bucket":1,"minecraft:stone_axe":2,"minecraft:stone":1,"minecraft:grass_block":1,"minecraft:iron_block":1},"minecraft:killed":{"minecraft:skeleton":1,"minecraft:spider":1,"minecraft:creeper":1},"minecraft:used":{"minecraft:oak_log":3,"minecraft:iron_block":2,"minecraft:water_bucket":98,"minecraft:lava_bucket":23,"minecraft:stone_sword":2,"minecraft:crimson_fence":2,"minecraft:cherry_slab":481,"minecraft:lantern":7,"minecraft:grass_block":10,"biomesoplenty:mahogany_slab":41,"minecraft:stone":98,"minecraft:mangrove_fence":38,"minecraft:stone_axe":6,"biomesoplenty:umbran_slab":2,"minecraft:dirt":15,"ecologics:azalea_slab":65,"handcrafted:birch_couch":1,"minecraft:bucket":1,"biomesoplenty:redwood_slab":1,"biomesoplenty:jacaranda_slab":1,"handcrafted:creeper_trophy":1,"biomesoplenty:flowering_oak_leaves":8}},"DataVersion":3465}