{"stats":{"minecraft:killed_by":{"minecraft:skeleton":1},"minecraft:used":{"minepop:minepop_pain":1},"minecraft:custom":{"minecraft:jump":133,"minecraft:damage_dealt":39,"minecraft:time_since_rest":16025,"minecraft:damage_taken":420,"minecraft:leave_game":7,"minecraft:crouch_one_cm":108,"minecraft:play_time":18195,"minecraft:time_since_death":15997,"minecraft:sprint_one_cm":22314,"minecraft:walk_one_cm":13459,"minecraft:walk_on_water_one_cm":998,"minecraft:deaths":1,"minecraft:sneak_time":333,"minecraft:total_world_time":18195,"minecraft:walk_under_water_one_cm":12325,"minecraft:swim_one_cm":8100,"minecraft:fall_one_cm":2475,"minecraft:fly_one_cm":184950},"minecraft:mined":{"minecraft:tall_grass":1,"minecraft:grass":2,"biomesoplenty:umbran_log":2}},"DataVersion":3465}