{"stats":{"minecraft:dropped":{"minecraft:water_bucket":1,"minecraft:stone_axe":2,"minecraft:grass_block":1,"minecraft:iron_block":1,"minecraft:stone":1},"minecraft:picked_up":{"minecraft:allium":1,"biomesoplenty:rainbow_birch_leaves":1,"minecraft:water_bucket":1,"bakery:street_sign":1,"farmersdelight:safety_net":1,"minecraft:beacon":1,"ecologics:flowering_azalea_sign":1,"vinery:straw_hat":1,"supplementaries:candle_holder_red":2,"minecraft:gunpowder":4,"vinery:winemaker_leggings":1,"biomesoplenty:jacaranda_slab":1,"minecraft:stone_bricks":1,"minecraft:wheat_seeds":7,"minecraft:deepslate_brick_slab":1,"minecraft:smooth_stone":1,"cfm:stripped_birch_upgraded_fence":1,"naturalist:catfish":1,"candlelight:napkin":1,"candlelight:love_letter_open":1,"cfm:white_sofa":1,"minecraft:stick":3,"minecraft:light_gray_stained_glass":1,"vinery:grapevine_pot":1,"minecraft:stone_brick_slab":1,"minecraft:torch":2,"vinery:winemaker_boots":1,"vinery:winemaker_apron":1,"untamedwilds:flora_bush_temperate":4,"minecraft:black_stained_glass_pane":1,"irons_spellbooks:evoker_spell_book":1,"minecraft:grass_block":1,"minecraft:diamond_block":64,"farmersdelight:black_hanging_canvas_sign":1,"minecraft:quartz_bricks":64,"minecraft:arrow":2,"minecraft:rotten_flesh":2,"minecraft:tropical_fish":4,"minecraft:stone_axe":3,"ecologics:azalea_planks":2,"biomesoplenty:origin_leaves":1,"supplementaries:bubble_blower":1,"minecraft:iron_block":3,"supplementaries:ash":1},"minecraft:used":{"minecraft:quartz_bricks":19,"minecraft:water_bucket":130,"supplementaries:candle_holder_red":2,"minecraft:stone_sword":2,"minecraft:crimson_fence":2,"biomesoplenty:mahogany_slab":41,"minecraft:stone":100,"minecraft:mangrove_fence":54,"minecraft:smooth_quartz_stairs":1,"minecraft:red_nether_brick_slab":1,"minecraft:dirt":15,"ecologics:azalea_slab":65,"handcrafted:birch_couch":1,"aquamirae:spinefish_bucket":1,"biomesoplenty:jacaranda_slab":1,"minecraft:deepslate_tiles":1,"minecraft:deepslate_tile_wall":1,"minecraft:oak_log":3,"untamedwilds:bucket_spadefish":2,"minecraft:sea_lantern":5,"minecraft:lava_bucket":23,"minecraft:lantern":11,"minecraft:iron_block":2,"minecraft:grass_block":15,"minecraft:cherry_slab":481,"biomesoplenty:umbran_slab":2,"minecraft:stone_axe":6,"minecraft:bucket":1,"minecraft:tropical_fish_bucket":9,"biomesoplenty:redwood_slab":1,"handcrafted:creeper_trophy":1,"biomesoplenty:flowering_oak_leaves":13,"naturalist:catfish_bucket":1},"minecraft:killed":{"minecraft:spider":1,"minecraft:creeper":1,"minecraft:skeleton":1,"naturalist:catfish":1},"minecraft:custom":{"minecraft:mob_kills":4,"minecraft:leave_game":14,"minecraft:time_since_death":22751,"minecraft:time_since_rest":22787,"minecraft:sprint_one_cm":84686,"minecraft:open_enderchest":3,"minecraft:walk_one_cm":211658,"minecraft:drop":6,"minecraft:damage_dealt":649,"minecraft:interact_with_beacon":1,"minecraft:talked_to_villager":1,"minecraft:fly_one_cm":648573,"minecraft:crouch_one_cm":164,"minecraft:play_time":154258,"minecraft:deaths":16,"minecraft:sneak_time":1216,"minecraft:jump":606,"minecraft:walk_on_water_one_cm":39694,"minecraft:total_world_time":154258}},"DataVersion":3465}