{"stats":{"minecraft:mined":{"pamhc2crops:windygarden":1,"minecraft:clay":12,"minecraft:glow_lichen":1,"minecraft:torch":2,"minecraft:light_gray_terracotta":22,"biomesoplenty:bush":12,"minecraft:allium":1,"minecraft:grass_block":10,"minecraft:jungle_planks":2,"minecraft:jungle_log":7,"minecraft:cobblestone":4,"minecraft:oak_planks":1,"minecraft:wall_torch":1,"minecraft:large_fern":6,"untamedwilds:block_burrow":2,"pamhc2trees:pamcherry":2,"minecraft:iron_ore":53,"biomesoplenty:hanging_cobweb":4,"minecraft:grass":9,"minecraft:oak_log":19,"minecraft:coal_ore":55,"minecraft:sand":24,"minecraft:dirt":10,"minecraft:blue_orchid":1,"minecraft:stone":189,"minecraft:small_dripleaf":2,"minecraft:oak_leaves":38,"minecraft:fern":4},"minecraft:killed_by":{"irons_spellbooks:necromancer":1,"minecraft:cave_spider":1,"minecraft:skeleton":1,"minecraft:creeper":2,"minecraft:spider":1,"minecraft:zombie":2,"minecraft:enderman":1,"untamedwilds:hippo":1},"minecraft:picked_up":{"minecraft:allium":1,"minecraft:clay_ball":48,"minecraft:jungle_log":7,"minecraft:leather":7,"pamhc2crops:amaranthitem":1,"minecraft:wooden_pickaxe":2,"minecraft:oak_log":18,"pamhc2trees:cherryitem":1,"minecraft:dirt":16,"minecraft:string":4,"minecraft:bone":2,"minecraft:blue_orchid":1,"untamedwilds:material_fat":1,"minecraft:bow":1,"minecraft:wheat_seeds":2,"minecraft:beef":3,"minecraft:light_gray_wool":1,"minecraft:oak_planks":1,"minecraft:raw_iron":53,"minecraft:torch":6,"minecraft:sand":23,"minecraft:porkchop":3,"minecraft:jungle_planks":3,"tombstone:grave_dust":1,"minecraft:spider_eye":1,"minecraft:light_gray_terracotta":21,"minecraft:rotten_flesh":2,"minecraft:oak_sapling":6,"minecraft:mutton":7,"minecraft:coal":53,"minecraft:white_wool":3,"minecraft:cobblestone":190},"minecraft:killed":{"untamedwilds:large_snake":1,"minecraft:cave_spider":1,"minecraft:pig":1,"minecraft:spider":1,"untamedwilds:boar":1,"minecraft:frog":1,"minecraft:sheep":4,"minecraft:skeleton":1,"minecraft:zombie":1,"minecraft:llama":5,"minecraft:cow":1},"minecraft:dropped":{"tombstone:grave_key":6,"minecraft:oak_sapling":1,"minecraft:wooden_pickaxe":1},"minecraft:broken":{"minecraft:stone_pickaxe":1,"minecraft:stone_axe":1},"minecraft:crafted":{"minecraft:cooked_beef":2,"minecraft:oak_planks":64,"minecraft:stone_shovel":1,"minecraft:cooked_porkchop":3,"minecraft:crafting_table":5,"travelersbackpack:backpack_tank":2,"minecraft:iron_helmet":1,"minecraft:wooden_pickaxe":2,"minecraft:iron_sword":1,"minecraft:furnace":1,"minecraft:stone_axe":2,"minecraft:cooked_mutton":7,"minecraft:air":0,"minecraft:jungle_planks":28,"minecraft:glass":23,"minecraft:iron_boots":1,"minecraft:iron_chestplate":1,"minecraft:stick":24,"minecraft:iron_ingot":53,"minecraft:iron_pickaxe":1,"minecraft:stone_pickaxe":3,"minecraft:chest":1,"minecraft:iron_leggings":1,"minecraft:white_bed":1,"minecraft:torch":8},"minecraft:used":{"minecraft:cooked_mutton":4,"pamhc2trees:cherryitem":1,"minecraft:stone_shovel":33,"minecraft:stone_pickaxe":299,"minecraft:oak_planks":13,"minecraft:chest":1,"minecraft:wooden_pickaxe":30,"minecraft:iron_sword":20,"minecraft:rotten_flesh":2,"minecraft:torch":6,"minecraft:dirt":8,"minecraft:crafting_table":5,"minecraft:jungle_planks":31,"minecraft:white_bed":1,"minecraft:iron_pickaxe":20,"minecraft:stone_axe":114,"minecraft:cobblestone":29,"minecraft:furnace":1,"minecraft:oak_sapling":3,"minecraft:cooked_porkchop":1,"untamedwilds:material_fat":1,"tombstone:gift":2},"minecraft:custom":{"minecraft:interact_with_furnace":55,"minecraft:mob_kills":18,"minecraft:interact_with_crafting_table":69,"minecraft:leave_game":2,"minecraft:time_since_death":24269,"minecraft:climb_one_cm":8,"minecraft:time_since_rest":23444,"minecraft:sprint_one_cm":322055,"minecraft:damage_taken":2698,"minecraft:walk_one_cm":176769,"minecraft:drop":8,"minecraft:damage_dealt":3285,"minecraft:fly_one_cm":366714,"minecraft:open_chest":45,"minecraft:crouch_one_cm":292,"minecraft:play_time":99083,"tombstone:undead_killed":2,"minecraft:deaths":10,"minecraft:sneak_time":135,"minecraft:walk_under_water_one_cm":1015,"minecraft:jump":1522,"minecraft:walk_on_water_one_cm":13055,"minecraft:total_world_time":99083,"minecraft:fall_one_cm":39680}},"DataVersion":3465}