{"stats":{"minecraft:dropped":{"tombstone:grave_key":6,"minecraft:oak_sapling":1,"minecraft:wooden_pickaxe":1},"minecraft:used":{"pamhc2trees:cherryitem":1,"minecraft:stone_pickaxe":278,"minecraft:wooden_pickaxe":29,"minecraft:rotten_flesh":2,"minecraft:torch":6,"minecraft:dirt":6,"minecraft:crafting_table":5,"minecraft:white_bed":1,"minecraft:stone_axe":97,"minecraft:cobblestone":21,"minecraft:oak_sapling":3,"minecraft:furnace":1,"untamedwilds:material_fat":1,"tombstone:gift":2},"minecraft:picked_up":{"minecraft:allium":1,"minecraft:clay_ball":48,"pamhc2crops:amaranthitem":1,"minecraft:wooden_pickaxe":2,"minecraft:oak_log":18,"pamhc2trees:cherryitem":1,"minecraft:dirt":8,"minecraft:string":2,"minecraft:bone":2,"minecraft:blue_orchid":1,"untamedwilds:material_fat":1,"minecraft:bow":1,"minecraft:wheat_seeds":2,"minecraft:light_gray_wool":1,"minecraft:raw_iron":41,"minecraft:torch":6,"minecraft:porkchop":3,"tombstone:grave_dust":1,"minecraft:light_gray_terracotta":21,"minecraft:rotten_flesh":2,"minecraft:oak_sapling":6,"minecraft:mutton":7,"minecraft:coal":47,"minecraft:white_wool":3,"minecraft:cobblestone":185},"minecraft:broken":{"minecraft:stone_pickaxe":1},"minecraft:killed":{"untamedwilds:large_snake":1,"minecraft:cave_spider":1,"minecraft:pig":1,"untamedwilds:boar":1,"minecraft:frog":1,"minecraft:sheep":4,"minecraft:skeleton":1,"minecraft:zombie":1},"minecraft:crafted":{"minecraft:oak_planks":64,"minecraft:crafting_table":5,"minecraft:wooden_pickaxe":2,"minecraft:furnace":1,"minecraft:stone_axe":2,"minecraft:air":0,"minecraft:stick":20,"minecraft:iron_ingot":17,"minecraft:stone_pickaxe":3,"minecraft:white_bed":1,"minecraft:torch":8},"minecraft:custom":{"minecraft:interact_with_furnace":3,"minecraft:mob_kills":11,"minecraft:interact_with_crafting_table":22,"minecraft:leave_game":1,"minecraft:time_since_death":9660,"minecraft:climb_one_cm":0,"minecraft:time_since_rest":7505,"minecraft:sprint_one_cm":264042,"minecraft:damage_taken":2276,"minecraft:walk_one_cm":119996,"minecraft:drop":8,"minecraft:damage_dealt":1955,"minecraft:fly_one_cm":298031,"minecraft:crouch_one_cm":292,"minecraft:play_time":68639,"tombstone:undead_killed":2,"minecraft:deaths":9,"minecraft:sneak_time":135,"minecraft:walk_under_water_one_cm":1015,"minecraft:jump":1170,"minecraft:walk_on_water_one_cm":11824,"minecraft:total_world_time":68639,"minecraft:fall_one_cm":29790},"minecraft:killed_by":{"irons_spellbooks:necromancer":1,"minecraft:cave_spider":1,"minecraft:skeleton":1,"minecraft:creeper":2,"minecraft:spider":1,"minecraft:zombie":1,"minecraft:enderman":1,"untamedwilds:hippo":1},"minecraft:mined":{"pamhc2crops:windygarden":1,"minecraft:clay":12,"minecraft:torch":2,"minecraft:glow_lichen":1,"minecraft:light_gray_terracotta":22,"biomesoplenty:bush":11,"minecraft:allium":1,"minecraft:grass_block":3,"minecraft:cobblestone":4,"minecraft:wall_torch":1,"minecraft:large_fern":3,"untamedwilds:block_burrow":1,"pamhc2trees:pamcherry":2,"minecraft:iron_ore":41,"biomesoplenty:hanging_cobweb":4,"minecraft:grass":8,"minecraft:oak_log":19,"minecraft:coal_ore":48,"minecraft:dirt":8,"minecraft:blue_orchid":1,"minecraft:stone":184,"minecraft:small_dripleaf":1,"minecraft:oak_leaves":38,"minecraft:fern":4}},"DataVersion":3465}