{"stats":{"minecraft:mined":{"biomesoplenty:bush":1,"minecraft:oak_log":7,"minecraft:stone":16,"minecraft:crafting_table":4,"minecraft:oak_leaves":12},"minecraft:killed_by":{"minecraft:spider":1},"minecraft:picked_up":{"minecraft:crafting_table":4,"minecraft:oak_log":7,"minecraft:oak_sapling":1,"minecraft:cobblestone":16},"minecraft:killed":{"minecraft:llama":1},"minecraft:crafted":{"minecraft:oak_planks":28,"minecraft:crafting_table":1,"minecraft:stick":4,"minecraft:wooden_pickaxe":1,"minecraft:wooden_axe":1},"minecraft:used":{"minecraft:wooden_axe":14,"minecraft:cobblestone":2,"minecraft:crafting_table":4,"minecraft:wooden_pickaxe":16},"minecraft:custom":{"minecraft:time_since_rest":1,"minecraft:deaths":1,"minecraft:crouch_one_cm":984,"minecraft:sprint_one_cm":15460,"minecraft:play_time":20976,"minecraft:damage_taken":260,"minecraft:walk_one_cm":8950,"minecraft:sneak_time":625,"minecraft:walk_under_water_one_cm":438,"minecraft:mob_kills":1,"minecraft:jump":205,"minecraft:damage_dealt":336,"minecraft:time_since_death":662,"minecraft:leave_game":2,"minecraft:walk_on_water_one_cm":2628,"minecraft:total_world_time":20976,"minecraft:swim_one_cm":764,"minecraft:interact_with_crafting_table":2,"minecraft:fall_one_cm":9005,"minecraft:fly_one_cm":63450}},"DataVersion":3465}