{"stats":{"minecraft:custom":{"minecraft:jump":154,"minecraft:time_since_rest":26405,"minecraft:leave_game":1,"minecraft:crouch_one_cm":147,"minecraft:deaths":1,"minecraft:sprint_one_cm":17565,"minecraft:play_time":28986,"minecraft:damage_taken":278,"minecraft:time_since_death":26375,"minecraft:walk_one_cm":53502,"minecraft:sneak_time":151,"minecraft:total_world_time":28986,"minecraft:fall_one_cm":420,"minecraft:fly_one_cm":122438},"minecraft:killed_by":{"untamedwilds:bison":1},"minecraft:used":{"minecraft:oak_leaves":4,"minecraft:stone":70,"minecraft:grass_block":2},"minecraft:picked_up":{"minecraft:beef":14,"minecraft:stone":1,"minecraft:bone":9,"minecraft:leather":12}},"DataVersion":3465}