{"stats":{"minecraft:custom":{"minecraft:mob_kills":4,"minecraft:interact_with_anvil":3,"minecraft:leave_game":6,"minecraft:time_since_death":3672,"minecraft:sprint_one_cm":248568,"minecraft:walk_one_cm":880665,"minecraft:drop":3,"minecraft:talked_to_villager":13,"minecraft:play_time":489886,"minecraft:deaths":15,"minecraft:sneak_time":8532,"minecraft:walk_under_water_one_cm":18064,"minecraft:jump":1958,"minecraft:walk_on_water_one_cm":118032,"minecraft:total_world_time":489886,"minecraft:time_since_rest":3702,"minecraft:damage_taken":1658,"minecraft:damage_dealt":1835,"minecraft:interact_with_beacon":5,"minecraft:swim_one_cm":259,"minecraft:fly_one_cm":2187036,"minecraft:open_chest":3,"minecraft:crouch_one_cm":19400,"minecraft:fall_one_cm":33858},"minecraft:picked_up":{"cataclysm:monstrous_horn":1,"biomesoplenty:umbran_slab":1,"minecraft:lead":4,"cataclysm:purpur_wall":1,"minecraft:white_stained_glass":1,"minecraft:netherite_ingot":390,"takesapillage:ravager_horn":1,"minecraft:shroomlight":1,"biomesoplenty:spanish_moss":1,"minecraft:smooth_stone":1,"minecraft:gold_nugget":27,"securitycraft:secret_dark_oak_sign_item":1,"minecraft:beef":14,"minecraft:smooth_quartz":5,"untamedwilds:material_pearl":1,"minecraft:deepslate_tile_wall":1,"minecraft:chest":7,"minecraft:smooth_quartz_stairs":1,"pamhc2foodcore:chocolaterollitem":1,"minecraft:stone":2,"aquamirae:shell_horn":1,"minecraft:oak_fence":1,"minecraft:torch":1,"untamedwilds:flora_bush_temperate":2,"bakery:crusty_bread":1,"minecraft:quartz_pillar":64,"bakery:bakery_standard":4,"minecraft:end_crystal":1,"minecraft:prismarine_crystals":4,"minecraft:goat_horn":3,"bakery:chocolate_gateau":1,"minecraft:weeping_vines":2,"minecraft:rotten_flesh":28,"minecraft:tropical_fish":4,"minecraft:iron_block":4,"bakery:cake_stand":1,"vinery:basket":2,"biomesoplenty:white_petals":2,"supplementaries:ash":8,"minecraft:cod":6,"minecraft:white_wool":1,"biomesoplenty:flowering_oak_leaves":1,"minecraft:cherry_leaves":1,"bakery:street_sign":2,"minecraft:leather":12,"vinery:straw_hat":1,"cataclysm:obsidian_bricks":1,"bakery:bread":1,"pamhc2foodcore:chocolatedonutitem":1,"minecraft:gunpowder":8,"minecraft:dirt":1,"biomesoplenty:mahogany_slab":1,"securitycraft:glow_display_case":1,"minecraft:bone":9,"minecraft:wheat_seeds":5,"minecraft:deepslate_brick_slab":1,"vinery:grapevine_stem":1,"minecraft:pink_stained_glass":1,"minecraft:bamboo_mosaic_slab":1,"minecraft:oak_slab":2,"vinery:grapevine_pot":1,"supplementaries:checker_block":1,"minecraft:grass_block":1,"minecraft:diamond_block":512,"cataclysm:ancient_metal_block":1,"minecraft:sea_lantern":1,"minecraft:netherite_block":1,"minecraft:quartz_bricks":73,"handcrafted:stackable_book":3,"ecologics:azalea_planks":1,"cfm:rock_path":1,"supplementaries:bubble_blower":1,"bakery:tray":1,"minecraft:bone_meal":2,"minecraft:red_nether_brick_slab":1,"minecraft:cherry_slab":1,"supplementaries:present_pink":1,"minecraft:smooth_quartz_slab":1},"minecraft:mined":{"biomesoplenty:bush":17,"minecraft:allium":1,"biomesoplenty:flowering_oak_leaves":4,"bakery:cake_stand":1,"handcrafted:stackable_book":1,"bakery:bread_crate":1,"bakery:street_sign":1,"minecraft:grass":7},"minecraft:dropped":{"minepop:randombox":1,"minecraft:rotten_flesh":2,"minecraft:stone":1},"minecraft:killed":{"mutantmonsters:mutant_creeper":1},"minecraft:used":{"handcrafted:evoker_trophy":1,"minecraft:oak_fence":123,"create:clipboard":1,"farmersdelight:onion_crate":1,"biomesoplenty:redwood_leaves":2,"biomesoplenty:willow_vine":4,"minecraft:netherite_sword":23,"handcrafted:fancy_painting":10,"minecraft:light_gray_stained_glass_pane":62,"minecraft:smooth_quartz_slab":80,"supplementaries:present_pink":3,"candlelight:hearth":11,"candlelight:glass":1,"bakery:sweetberry_jam":2,"biomesoplenty:mahogany_slab":2,"bakery:strawberry_jam":2,"vinery:calendar":2,"farmersdelight:half_tatami_mat":1,"minecraft:chest":3,"cfm:stripped_birch_upgraded_fence":4,"minecraft:stone":258,"vinery:spruce_wine_rack_big":5,"untamedwilds:butterfly_spawn_egg":122,"bakery:strawberry_crate":1,"minecraft:sandstone_wall":1,"farmersdelight:rice_bag":4,"bakery:breadbox":3,"handcrafted:stackable_book":53,"cfm:rock_path":40,"candlelight:gold_ring":1,"biomesoplenty:bramble_leaves":3,"minecraft:torch":5,"handcrafted:pillager_trophy":2,"minepop:minepop_pig":1,"minecraft:dirt":9,"minecraft:anvil":1,"ecologics:azalea_slab":64,"bakery:waffle":2,"vinery:spruce_lattice":2,"bakery:bakery_standard":4,"candlelight:typewriter_iron":2,"biomesoplenty:origin_leaves":2,"farmersdelight:carrot_crate":2,"candlelight:table_set":1,"handcrafted:birch_couch":16,"untamedwilds:feeder":1,"vinery:basket":3,"candlelight:table_sign":3,"mcwwindows:white_mosaic_glass_pane":4,"aquamirae:spinefish_bucket":2,"biomesoplenty:jacaranda_slab":5,"biomesoplenty:rainbow_birch_leaves":2,"ecologics:flowering_azalea_sign":4,"minecraft:polished_diorite":22,"ecologics:coconut_slab":2,"untamedwilds:spawn_giant_clam":1,"bakery:cupcake_display":3,"vinery:winemaker_boots":1,"minecraft:glass":4,"handcrafted:skeleton_trophy":3,"minecraft:stone_brick_slab":70,"another_furniture:white_sofa":16,"minecraft:sea_lantern":89,"minecraft:quartz_slab":4,"minecraft:iron_block":162,"candlelight:candlelight_standard":9,"minecraft:light_gray_stained_glass":4,"minecraft:quartz_pillar":2,"mcwwindows:blue_mosaic_glass_pane":3,"minecraft:red_wool":57,"minecraft:black_stained_glass_pane":8,"minecraft:lantern":21,"minecraft:grass_block":387,"minecraft:cherry_slab":514,"ecologics:azalea_trapdoor":1,"farmersdelight:rice_bale":1,"minecraft:quartz_block":1,"bakery:wall_display":5,"vinery:straw_hat":1,"minecraft:cherry_trapdoor":54,"candlelight:painting":9,"bakery:glowberry_jam":6,"minecraft:dark_oak_leaves":17,"farmersdelight:beetroot_crate":1,"biomesoplenty:white_petals":315,"vinery:wine_box":2,"naturalist:butterfly":19,"vinery:stackable_log":2,"minecraft:smooth_quartz":175,"farmersdelight:cabbage_crate":2,"bakery:chocolate_jam":2,"vinery:grapevine_stem":2,"minecraft:stone_bricks":15,"minepop:randombox":1,"minecraft:glowstone":2,"farmersdelight:basket":3,"bakery:cake_display":7,"vinery:cherry_wine_rack_big":1,"minepop:minepop_creeper":2,"candlelight:jewelry_box":6,"minecraft:deepslate_tile_stairs":2,"minecraft:white_stained_glass_pane":10,"handcrafted:berry_jam_jar":4,"farmersdelight:safety_net":2,"naturalist:teddy_bear":6,"biomesoplenty:spanish_moss":2,"handcrafted:vindicator_trophy":2,"bakery:crafting_bowl":3,"bakery:baker_station":4,"minepop:minepop_enderman":4,"vinery:apple_press":2,"farmersdelight:potato_crate":2,"ecologics:pot":1,"ecologics:azalea_planks":22,"minecraft:quartz_bricks":197,"minecraft:water_bucket":95,"minepop:minepop_pigman":2,"vinery:mule_spawn_egg":1,"bakery:apple_jam":3,"vinery:window":3,"minepop:minepop_alex":1,"farmersdelight:tomato_crate":1,"minepop:minepop_skeleton":1,"minecraft:birch_planks":8,"minecraft:oak_planks":19,"vinery:apple_bag":1,"bakery:bread_crate":2,"biomesoplenty:fir_leaves":2,"minecraft:sandstone":1,"handcrafted:phantom_trophy":3,"minecraft:magenta_stained_glass":3,"bakery:cake_stand":5,"candlelight:rose":4,"minecraft:beacon":10,"minepop:minepop_steve":2,"minecraft:deepslate_bricks":7,"minecraft:smooth_quartz_stairs":39,"minecraft:oak_leaves":4,"untamedwilds:spawn_snake":1,"minecraft:white_wool":51,"candlelight:note_paper":1,"vinery:wandering_winemaker_spawn_egg":1,"bakery:chocolate_box":3,"candlelight:table_bowl":1,"minecraft:oak_slab":75,"bakery:street_sign":4,"candlelight:typewriter_copper":2,"bakery:kitchen_sink":3,"bakery:drawer":1,"minecraft:chiseled_quartz_block":2,"minecraft:stone_brick_wall":35,"vinery:cherry_bag":1,"vinery:red_grape_bag":1,"bakery:wandering_baker_spawn_egg":2,"minecraft:cyan_stained_glass":4,"minecraft:deepslate_tile_wall":23,"bakery:bread":1,"minecraft:deepslate_tiles":7,"handcrafted:terracotta_bowl":2,"vinery:white_grape_bag":1,"handcrafted:blue_crockery_combo":1,"securitycraft:display_case":1,"vinery:storage_pot":2,"cfm:white_sofa":3,"bakery:chocolate_gateau":1,"minecraft:birch_slab":38,"vinery:winemaker_apron":1,"vinery:flower_box":1,"minepop:minepop_slime":2,"vinery:fermentation_barrel":3,"candlelight:chocolate_box":2,"bakery:baguette":1,"minepop:minepop_zombie":2,"handcrafted:oven":1,"cataclysm:altar_of_fire":4,"farmersdelight:black_hanging_canvas_sign":13,"bakery:tray":4,"untamedwilds:spawn_softshell_turtle":1,"another_furniture:cherry_shutter":2,"vinery:winemaker_leggings":1,"minecraft:pufferfish_bucket":8,"candlelight:note_paper_writeable":1,"bakery:brick_stove":3,"minecraft:white_stained_glass":74,"vinery:grapevine_pot":4,"minecraft:bucket":2,"minecraft:pink_stained_glass":27,"bakery:jar":7,"vinery:apple_tree_sapling":1,"minecraft:white_concrete":3,"minecraft:tropical_fish_bucket":35,"takesapillage:ravager_horn":2,"candlelight:tool_rack":2,"handcrafted:creeper_trophy":3,"vinery:cherry_wine_rack_mid":2,"minecraft:smooth_stone":125,"biomesoplenty:flowering_oak_leaves":246,"handcrafted:witch_trophy":3,"securitycraft:glow_display_case":5},"minecraft:crafted":{"minecraft:iron_ingot":9},"minecraft:killed_by":{"untamedwilds:bison":1,"minecraft:skeleton":1,"minecraft:zombie":1}},"DataVersion":3465}