{"stats":{"minecraft:dropped":{"naturalist:lizard_tail":1,"minecraft:oak_log":6,"untamedwilds:material_fat":2,"minecraft:dirt":14,"minecraft:wooden_sword":1,"minecraft:gravel":16,"minecraft:stone_axe":2,"minecraft:rotten_flesh":6,"minecraft:quartz_bricks":5,"supplementaries:ash":1,"minecraft:arrow":1,"minecraft:wheat_seeds":1,"minecraft:lilac":1,"minecraft:smooth_quartz_stairs":1,"untamedwilds:flora_yarrow":1,"minecraft:cobblestone":31,"minecraft:feather":1,"tombstone:grave_key":2,"minecraft:iron_axe":1,"minecraft:stone_sword":2,"minepop:randombox":1,"minecraft:stone_slab":2,"minecraft:stone":1,"minecraft:oak_sapling":2,"minecraft:spider_eye":1,"minecraft:bow":1,"minecraft:stone_pickaxe":2,"minecraft:wooden_pickaxe":2},"minecraft:picked_up":{"cataclysm:monstrous_horn":1,"biomesoplenty:umbran_slab":1,"minecraft:stone_slab":3,"minecraft:lead":6,"tombstone:grave_key":2,"cataclysm:purpur_wall":1,"minecraft:string":10,"biomesoplenty:tall_lavender":1,"minecraft:netherite_ingot":390,"minecraft:shroomlight":1,"minecraft:gold_nugget":27,"minecraft:smooth_stone":1,"securitycraft:secret_dark_oak_sign_item":1,"minecraft:azalea":1,"minecraft:smooth_quartz":5,"minecraft:deepslate_tile_wall":1,"minecraft:smooth_quartz_stairs":4,"pamhc2foodcore:chocolaterollitem":1,"minecraft:furnace":3,"minecraft:oak_fence":1,"minecraft:torch":2,"bakery:crusty_bread":1,"bakery:bakery_standard":4,"minecraft:end_crystal":1,"minecraft:goat_horn":3,"bakery:chocolate_gateau":1,"minecraft:stone_sword":1,"minecraft:rotten_flesh":35,"minecraft:tropical_fish":4,"bakery:cake_stand":1,"vinery:basket":2,"minecraft:iron_block":4,"biomesoplenty:white_petals":2,"supplementaries:ash":10,"untamedwilds:flora_yarrow":1,"minecraft:cod":6,"minecraft:cobblestone":62,"minecraft:feather":1,"biomesoplenty:flowering_oak_leaves":1,"minecraft:cherry_leaves":1,"bakery:street_sign":2,"minecraft:flint":3,"cataclysm:obsidian_bricks":1,"bakery:bread":1,"pamhc2foodcore:chocolatedonutitem":1,"naturalist:lizard_tail":1,"minecraft:dirt":132,"minecraft:bone":12,"minecraft:bow":1,"minecraft:wheat_seeds":6,"minecraft:deepslate_brick_slab":1,"vinery:grapevine_stem":1,"minecraft:pink_stained_glass":1,"minecraft:bamboo_mosaic_slab":1,"ecologics:azalea_log":3,"supplementaries:checker_block":1,"minecraft:grass_block":1,"minecraft:diamond_block":512,"minecraft:netherite_block":1,"minecraft:quartz_bricks":77,"handcrafted:stackable_book":3,"ecologics:azalea_planks":1,"waystones:waystone":1,"supplementaries:bubble_blower":1,"bakery:tray":1,"minecraft:bone_meal":2,"minecraft:emerald":1,"minecraft:oak_sapling":3,"minecraft:cherry_slab":1,"supplementaries:present_pink":1,"untamedwilds:flora_titan_arum_corm":1,"minecraft:crafting_table":4,"minecraft:chicken":4,"minecraft:wooden_pickaxe":1,"minecraft:iron_axe":1,"untamedwilds:food_bear_raw":2,"minecraft:white_stained_glass":1,"takesapillage:ravager_horn":1,"biomesoplenty:spanish_moss":1,"minecraft:beef":16,"untamedwilds:material_pearl":1,"minecraft:chest":7,"minecraft:raw_iron":95,"minecraft:stone":2,"aquamirae:shell_horn":1,"untamedwilds:flora_bush_temperate":2,"minecraft:quartz_pillar":64,"untamedwilds:hide_black":2,"minecraft:prismarine_crystals":4,"minecraft:arrow":1,"minecraft:weeping_vines":2,"minecraft:mutton":12,"minecraft:white_wool":8,"ecologics:flowering_azalea_log":3,"vinery:jungle_grape_seeds_red":1,"minecraft:leather":12,"vinery:straw_hat":1,"minecraft:oak_log":16,"minecraft:gunpowder":8,"biomesoplenty:mahogany_slab":1,"securitycraft:glow_display_case":1,"untamedwilds:material_fat":2,"minecraft:stone_pickaxe":1,"minecraft:flowering_azalea":1,"minecraft:oak_slab":2,"waystones:mossy_waystone":1,"minecraft:gravel":16,"vinery:grapevine_pot":1,"cataclysm:ancient_metal_block":1,"minecraft:sea_lantern":1,"minecraft:stone_axe":1,"cfm:rock_path":1,"minecraft:gray_wool":1,"minecraft:red_nether_brick_slab":1,"minecraft:smooth_quartz_slab":1,"minecraft:coal":67},"minecraft:used":{"handcrafted:evoker_trophy":1,"farmersdelight:onion_crate":1,"biomesoplenty:redwood_leaves":2,"biomesoplenty:willow_vine":4,"minecraft:light_gray_stained_glass_pane":62,"minecraft:smooth_quartz_slab":80,"candlelight:hearth":11,"candlelight:glass":1,"biomesoplenty:mahogany_slab":2,"bakery:strawberry_jam":2,"vinery:calendar":2,"cfm:stripped_birch_upgraded_fence":4,"minecraft:chest":3,"minecraft:stone":258,"minecraft:iron_sword":6,"vinery:spruce_wine_rack_big":5,"untamedwilds:butterfly_spawn_egg":122,"bakery:strawberry_crate":1,"minecraft:rotten_flesh":2,"handcrafted:stackable_book":53,"minecraft:iron_chestplate":1,"handcrafted:pillager_trophy":2,"minepop:minepop_pig":1,"ecologics:azalea_slab":64,"candlelight:typewriter_iron":2,"bakery:bakery_standard":4,"mcwwindows:white_mosaic_glass_pane":4,"aquamirae:spinefish_bucket":2,"biomesoplenty:rainbow_birch_leaves":2,"ecologics:flowering_azalea_sign":4,"minecraft:glass":4,"bakery:cupcake_display":3,"handcrafted:skeleton_trophy":3,"another_furniture:white_sofa":16,"minecraft:quartz_pillar":2,"mcwwindows:blue_mosaic_glass_pane":3,"minecraft:red_wool":57,"minecraft:quartz_slab":4,"minecraft:black_stained_glass_pane":8,"minecraft:lantern":21,"minecraft:grass_block":387,"minecraft:quartz_block":1,"minecraft:iron_helmet":1,"vinery:wine_box":2,"bakery:wall_display":5,"bakery:glowberry_jam":6,"vinery:straw_hat":1,"farmersdelight:rice_bale":1,"minecraft:dark_oak_leaves":17,"farmersdelight:beetroot_crate":1,"biomesoplenty:white_petals":315,"candlelight:painting":9,"naturalist:butterfly":19,"vinery:stackable_log":2,"bakery:chocolate_jam":2,"minecraft:stone_bricks":15,"vinery:cherry_wine_rack_big":1,"supplementaries:ash":1,"minecraft:oak_sapling":2,"candlelight:jewelry_box":6,"minecraft:furnace":4,"farmersdelight:safety_net":2,"naturalist:teddy_bear":6,"bakery:crafting_bowl":3,"minepop:minepop_pigman":2,"minepop:minepop_alex":1,"minecraft:stone_pickaxe":190,"minecraft:oak_planks":19,"biomesoplenty:fir_leaves":2,"minecraft:wooden_pickaxe":3,"minecraft:sandstone":1,"bakery:cake_stand":5,"minepop:minepop_steve":2,"minecraft:oak_leaves":4,"minecraft:smooth_quartz_stairs":40,"minecraft:white_wool":51,"candlelight:note_paper":1,"bakery:chocolate_box":3,"bakery:street_sign":4,"candlelight:typewriter_copper":2,"bakery:kitchen_sink":3,"bakery:drawer":1,"minecraft:chiseled_quartz_block":2,"minecraft:stone_brick_wall":35,"vinery:red_grape_bag":1,"bakery:wandering_baker_spawn_egg":2,"bakery:bread":1,"minecraft:deepslate_tiles":8,"vinery:storage_pot":2,"minecraft:birch_slab":38,"bakery:chocolate_gateau":1,"vinery:flower_box":1,"minepop:minepop_slime":2,"minepop:minepop_zombie":2,"cataclysm:altar_of_fire":4,"another_furniture:cherry_shutter":2,"minecraft:pufferfish_bucket":8,"minecraft:white_stained_glass":74,"minecraft:pink_stained_glass":27,"bakery:jar":7,"minecraft:white_concrete":3,"minecraft:tropical_fish_bucket":35,"vinery:cherry_wine_rack_mid":2,"handcrafted:creeper_trophy":3,"handcrafted:witch_trophy":3,"biomesoplenty:flowering_oak_leaves":246,"minecraft:oak_fence":123,"create:clipboard":1,"minecraft:netherite_sword":23,"minecraft:stone_sword":66,"handcrafted:fancy_painting":10,"minecraft:tropical_fish":1,"supplementaries:present_pink":3,"bakery:sweetberry_jam":2,"farmersdelight:half_tatami_mat":1,"minecraft:sandstone_wall":1,"farmersdelight:rice_bag":4,"minecraft:cooked_chicken":2,"cfm:rock_path":40,"bakery:breadbox":3,"candlelight:gold_ring":1,"biomesoplenty:bramble_leaves":3,"minecraft:torch":7,"minecraft:dirt":89,"minecraft:anvil":1,"bakery:waffle":2,"vinery:spruce_lattice":2,"biomesoplenty:origin_leaves":2,"farmersdelight:carrot_crate":2,"candlelight:table_set":1,"handcrafted:birch_couch":16,"vinery:basket":3,"untamedwilds:feeder":1,"candlelight:table_sign":3,"biomesoplenty:jacaranda_slab":5,"minecraft:polished_diorite":22,"ecologics:coconut_slab":2,"untamedwilds:spawn_giant_clam":1,"vinery:winemaker_boots":1,"minecraft:stone_brick_slab":70,"minecraft:sea_lantern":89,"minecraft:light_gray_stained_glass":4,"candlelight:candlelight_standard":9,"minecraft:iron_block":162,"minecraft:iron_axe":29,"minecraft:cherry_slab":514,"ecologics:azalea_trapdoor":1,"minecraft:cherry_trapdoor":54,"minecraft:smooth_quartz":175,"farmersdelight:cabbage_crate":2,"vinery:grapevine_stem":2,"minepop:randombox":1,"minecraft:glowstone":2,"bakery:cake_display":7,"farmersdelight:basket":3,"minepop:minepop_creeper":2,"minecraft:deepslate_tile_stairs":2,"minecraft:white_stained_glass_pane":10,"handcrafted:berry_jam_jar":4,"tombstone:gift":4,"handcrafted:vindicator_trophy":2,"bakery:baker_station":4,"biomesoplenty:spanish_moss":2,"minepop:minepop_enderman":4,"minecraft:iron_leggings":1,"farmersdelight:potato_crate":2,"vinery:apple_press":2,"ecologics:pot":1,"ecologics:azalea_planks":22,"minecraft:quartz_bricks":199,"minecraft:cooked_mutton":6,"bakery:apple_jam":3,"vinery:mule_spawn_egg":1,"minecraft:water_bucket":95,"vinery:window":3,"minepop:minepop_skeleton":1,"farmersdelight:tomato_crate":1,"minecraft:birch_planks":8,"vinery:apple_bag":1,"bakery:bread_crate":2,"handcrafted:phantom_trophy":3,"minecraft:magenta_stained_glass":3,"candlelight:rose":4,"minecraft:beacon":10,"minecraft:deepslate_bricks":7,"untamedwilds:spawn_snake":1,"vinery:wandering_winemaker_spawn_egg":1,"minecraft:oak_slab":75,"candlelight:table_bowl":1,"minecraft:crafting_table":5,"vinery:cherry_bag":1,"minecraft:cyan_stained_glass":4,"minecraft:deepslate_tile_wall":23,"handcrafted:terracotta_bowl":2,"handcrafted:blue_crockery_combo":1,"vinery:white_grape_bag":1,"securitycraft:display_case":1,"cfm:white_sofa":3,"vinery:winemaker_apron":1,"minecraft:iron_pickaxe":25,"candlelight:chocolate_box":2,"vinery:fermentation_barrel":3,"bakery:baguette":1,"handcrafted:oven":1,"farmersdelight:black_hanging_canvas_sign":13,"minecraft:stone_axe":16,"bakery:tray":4,"untamedwilds:spawn_softshell_turtle":1,"vinery:winemaker_leggings":1,"minecraft:cobblestone":5,"candlelight:note_paper_writeable":1,"bakery:brick_stove":3,"vinery:grapevine_pot":4,"minecraft:bucket":2,"vinery:apple_tree_sapling":1,"takesapillage:ravager_horn":2,"candlelight:tool_rack":2,"minecraft:smooth_stone":125,"securitycraft:glow_display_case":5},"minecraft:broken":{"minecraft:stone_pickaxe":1},"minecraft:killed":{"minecraft:spider":2,"minecraft:skeleton":2,"minecraft:chicken":4,"minecraft:sheep":8,"minecraft:zombie":1,"untamedwilds:snake":1,"mutantmonsters:mutant_creeper":1,"minecraft:cow":1,"naturalist:lizard_tail":1,"naturalist:lizard":1,"naturalist:sparrow":1},"minecraft:crafted":{"minecraft:oak_planks":32,"minecraft:cooked_chicken":4,"minecraft:cooked_mutton":12,"minecraft:iron_boots":1,"travelersbackpack:purple_sleeping_bag":1,"minecraft:crafting_table":2,"minecraft:wooden_pickaxe":1,"minecraft:iron_helmet":1,"minecraft:iron_chestplate":1,"minecraft:purple_dye":2,"minecraft:shield":1,"minecraft:stick":20,"minecraft:iron_ingot":59,"minecraft:iron_pickaxe":1,"minecraft:stone_sword":1,"minecraft:wooden_sword":1,"minecraft:purple_wool":2,"minecraft:furnace":2,"minecraft:iron_axe":1,"minecraft:stone_pickaxe":2,"untamedwilds:food_bear_cooked":2,"minecraft:cooked_beef":2,"minecraft:iron_sword":1,"minecraft:stone_axe":1,"minecraft:air":0,"minecraft:iron_leggings":1,"minecraft:white_bed":1,"minecraft:torch":12},"minecraft:custom":{"minecraft:interact_with_crafting_table":36,"minecraft:leave_game":12,"minecraft:time_since_death":14000,"minecraft:sprint_one_cm":522176,"minecraft:drop":39,"minecraft:talked_to_villager":13,"minecraft:play_time":592109,"minecraft:deaths":30,"minecraft:jump":3700,"minecraft:walk_on_water_one_cm":131363,"minecraft:interact_with_furnace":34,"minecraft:damage_dealt":4318,"minecraft:interact_with_beacon":5,"minecraft:crouch_one_cm":22685,"tombstone:undead_killed":3,"minecraft:horse_one_cm":46,"minecraft:interact_with_anvil":3,"minecraft:mob_kills":27,"minecraft:climb_one_cm":1185,"minecraft:walk_one_cm":1014854,"minecraft:sneak_time":10396,"minecraft:walk_under_water_one_cm":22639,"minecraft:interact_with_blast_furnace":1,"minecraft:total_world_time":592109,"minecraft:time_since_rest":13731,"minecraft:damage_taken":5712,"minecraft:swim_one_cm":6511,"minecraft:fly_one_cm":2580666,"minecraft:open_chest":5,"minecraft:fall_one_cm":81254},"minecraft:killed_by":{"minecraft:creeper":4,"minecraft:zombie":3,"minecraft:spider":3,"untamedwilds:bison":1,"irons_spellbooks:necromancer":4,"minecraft:skeleton":2},"minecraft:mined":{"minecraft:grass_block":3,"biomesoplenty:flowering_oak_leaves":4,"biomesoplenty:tall_lavender":1,"minecraft:iron_ore":95,"minecraft:flowering_azalea_leaves":6,"minecraft:azalea_leaves":15,"vinery:jungle_grape_bush_red":1,"handcrafted:stackable_book":1,"bakery:street_sign":1,"minecraft:lilac":1,"minecraft:grass":10,"minecraft:oak_log":8,"ecologics:azalea_log":3,"ecologics:flowering_azalea_log":3,"minecraft:dirt":18,"minecraft:oak_leaves":15,"biomesoplenty:bush":27,"minecraft:allium":1,"minecraft:spruce_leaves":2,"untamedwilds:flora_yarrow":1,"minecraft:furnace":3,"minecraft:bamboo":1,"minecraft:stone":41,"bakery:cake_stand":1,"minecraft:crafting_table":4,"minecraft:emerald_ore":1,"minecraft:stone_slab":1,"minecraft:tall_grass":1,"bakery:bread_crate":1,"minecraft:quartz_bricks":2,"farmersdelight:wild_tomatoes":2,"untamedwilds:block_burrow":2,"minecraft:coal_ore":67,"untamedwilds:flora_titan_arum":1}},"DataVersion":3465}