{"stats":{"minecraft:picked_up":{"supplementaries:soap":1,"pamhc2foodcore:chocolatedonutitem":1,"minecraft:netherite_ingot":64,"pamhc2foodcore:chocolaterollitem":1,"minepop:randombox":1,"bakery:bakery_standard":3,"minecraft:diamond_block":192,"minecraft:goat_horn":2,"minecraft:quartz_bricks":1,"minecraft:weeping_vines":5,"minecraft:diamond":1,"minecraft:tropical_fish":1,"minecraft:bone_meal":2,"supplementaries:ash":1,"minecraft:cod":6},"minecraft:dropped":{"minecraft:goat_horn":3,"minecraft:netherite_ingot":1,"minecraft:cherry_slab":1,"minecraft:grass_block":1,"minecraft:cherry_trapdoor":1,"minecraft:smooth_quartz":1,"supplementaries:bubble_blower":1,"biomesoplenty:mahogany_slab":1,"create:tiled_glass":1},"minecraft:killed":{"minecraft:spider":1,"minecraft:sheep":1},"minecraft:killed_by":{"minecraft:player":2},"minecraft:used":{"obscure_api:astral_dust":1,"supplementaries:wind_vane":9,"ecologics:azalea_planks":12,"minecraft:quartz_bricks":51,"minecraft:oak_fence":9,"pamhc2foodcore:chocolatedonutitem":1,"supplementaries:sign_post_crimson":1,"minecraft:end_rod":1,"minecraft:nether_brick_wall":4,"cataclysm:purpur_wall":5,"minecraft:smooth_quartz_slab":77,"supplementaries:present_pink":2,"minecraft:zombie_villager_spawn_egg":2,"biomesoplenty:mahogany_slab":48,"minecraft:oak_planks":5,"minecraft:zombie_spawn_egg":38,"create:waxed_copper_tiles":4,"securitycraft:reinforced_polished_blackstone_brick_wall":3,"minecraft:tinted_glass":5,"minecraft:ender_chest":6,"minecraft:stone":50,"create:haunted_bell":2,"create:tiled_glass":5,"minecraft:magenta_stained_glass":21,"minecraft:quartz_stairs":10,"minecraft:red_nether_brick_stairs":3,"minecraft:beacon":8,"biomesoplenty:brimstone_brick_wall":6,"supplementaries:slingshot":8,"handcrafted:stackable_book":46,"minecraft:smooth_quartz_stairs":145,"minecraft:white_wool":22,"minecraft:polished_deepslate_slab":13,"cataclysm:obsidian_brick_wall":7,"create:flywheel":6,"minecraft:red_nether_brick_slab":21,"ecologics:azalea_slab":55,"mcwwindows:nether_brick_arrow_slit":1,"minecraft:oak_slab":28,"supplementaries:bomb":9,"bakery:street_sign":2,"bakery:bakery_standard":10,"minecraft:sculk_shrieker":4,"minecraft:deepslate_brick_slab":69,"mcwwindows:nether_brick_gothic":3,"minecraft:stone_brick_wall":2,"supplementaries:planter":5,"minecraft:weeping_vines":55,"minecraft:deepslate_tile_wall":68,"minecraft:shroomlight":16,"minecraft:deepslate_tiles":13,"minecraft:purple_stained_glass":3,"minecraft:netherite_block":220,"cataclysm:ancient_metal_block":6,"minecraft:sea_lantern":449,"supplementaries:cage":5,"minecraft:quartz_pillar":19,"minecraft:red_wool":49,"minecraft:iron_block":88,"minecraft:grass_block":28,"minecraft:cherry_slab":120,"cataclysm:quartz_brick_wall":11,"minecraft:cherry_trapdoor":1,"minecraft:white_glazed_terracotta":4,"minecraft:dark_oak_leaves":5,"minecraft:cherry_leaves":60,"minecraft:smooth_quartz":157,"create:peculiar_bell":1,"create:mechanical_arm":2,"supplementaries:bomb_blue":6,"farmersdelight:black_hanging_canvas_sign":7,"minecraft:soul_lantern":4,"create:experience_block":9,"biomesoplenty:umbran_slab":12,"minepop:randombox":1,"minecraft:red_nether_brick_wall":3,"spelunkers_charm:geode":10,"minecraft:lime_stained_glass":1,"minecraft:yellow_glazed_terracotta":4,"minecraft:goat_horn":15,"minecraft:white_stained_glass":1,"minecraft:chain":11,"minecraft:pink_stained_glass":8,"biomesoplenty:spanish_moss":7,"supplementaries:checker_block":17,"takesapillage:ravager_horn":2,"supplementaries:soap":1,"minecraft:bamboo_mosaic_slab":5,"cataclysm:obsidian_bricks":3,"pamhc2foodcore:chocolaterollitem":1,"biomesoplenty:flowering_oak_leaves":18,"irons_spellbooks:inscription_table":2},"minecraft:custom":{"minecraft:mob_kills":3,"minecraft:bell_ring":5,"minecraft:leave_game":2,"minecraft:time_since_death":175546,"minecraft:time_since_rest":175577,"minecraft:sprint_one_cm":32628,"minecraft:damage_taken":685,"minecraft:walk_one_cm":226544,"minecraft:drop":11,"minecraft:damage_dealt":461,"minecraft:interact_with_beacon":9,"minecraft:talked_to_villager":3,"minecraft:fly_one_cm":1191189,"minecraft:open_chest":4,"minecraft:crouch_one_cm":52184,"minecraft:play_time":410752,"minecraft:deaths":4,"minecraft:sneak_time":17009,"minecraft:walk_under_water_one_cm":18552,"minecraft:boat_one_cm":32,"minecraft:jump":527,"minecraft:walk_on_water_one_cm":77839,"minecraft:total_world_time":410752,"minecraft:fall_one_cm":4224}},"DataVersion":3465}