{"stats":{"minecraft:mined":{"minecraft:deepslate_redstone_ore":2,"minecraft:tuff":10,"minecraft:white_bed":1,"minecraft:farmland":1,"minecraft:iron_ore":1,"minecraft:crafting_table":1,"minecraft:grass":2,"biomesoplenty:bush":1,"minecraft:deepslate_iron_ore":6,"minecraft:oak_log":16,"spelunkers_charm:dead_grass":3,"minecraft:vine":1,"minecraft:dirt":21,"minecraft:tall_grass":4,"spelunkers_charm:rock_pile_2":1,"minecraft:cobblestone":1,"minecraft:stone":116,"minecraft:wall_torch":4,"minecraft:oak_leaves":17,"minecraft:deepslate":287},"minecraft:killed_by":{"minecraft:iron_golem":1,"minecraft:skeleton":1,"minecraft:spider":3},"minecraft:picked_up":{"minecraft:crafting_table":1,"minecraft:raw_iron":7,"minecraft:stick":5,"minecraft:feather":1,"minecraft:torch":5,"minecraft:oak_log":16,"minecraft:carrot":2,"minecraft:gunpowder":2,"minecraft:white_bed":2,"minecraft:shield":1,"minecraft:redstone":21,"minecraft:dirt":22,"untamedwilds:spawn_tortoise":1,"minecraft:iron_shovel":1,"minecraft:bone":2,"minecraft:wheat_seeds":1,"minecraft:cobbled_deepslate":197,"minecraft:iron_ingot":9,"tombstone:essence_of_undeath":1,"minecraft:iron_pickaxe":2,"supplementaries:ash":6,"minecraft:oak_sapling":1,"spelunkers_charm:rock":2,"minecraft:iron_sword":1,"minecraft:coal":32,"minecraft:skeleton_skull":2,"minecraft:cobblestone":79},"minecraft:killed":{"minecraft:skeleton":1},"minecraft:broken":{"minecraft:iron_pickaxe":2},"minecraft:dropped":{"minecraft:torch":4,"minecraft:skeleton_skull":1,"tombstone:grave_dust":1,"untamedwilds:spawn_tortoise":1,"minecraft:carrot":2},"minecraft:crafted":{"minecraft:oak_planks":64,"minecraft:crafting_table":2,"minecraft:stick":8,"minecraft:iron_pickaxe":1},"minecraft:used":{"minecraft:iron_pickaxe":454,"minecraft:iron_sword":12,"minecraft:crafting_table":2,"tombstone:gift":2,"minecraft:white_bed":2},"minecraft:custom":{"minecraft:time_since_rest":1,"minecraft:sprint_one_cm":45761,"minecraft:damage_taken":1248,"minecraft:walk_one_cm":109117,"minecraft:mob_kills":1,"minecraft:drop":6,"minecraft:damage_dealt":171,"minecraft:swim_one_cm":5960,"minecraft:interact_with_crafting_table":3,"minecraft:fly_one_cm":113977,"minecraft:crouch_one_cm":295,"minecraft:play_time":68027,"tombstone:undead_killed":1,"minecraft:deaths":5,"minecraft:sneak_time":262,"minecraft:walk_under_water_one_cm":6546,"minecraft:jump":519,"minecraft:climb_one_cm":852,"minecraft:leave_game":2,"minecraft:time_since_death":146,"minecraft:walk_on_water_one_cm":8395,"minecraft:sleep_in_bed":2,"minecraft:total_world_time":68027,"minecraft:fall_one_cm":15016}},"DataVersion":3465}