{
  "minecraft:recipes/building_blocks/stone_bricks": {
    "criteria": {
      "has_stone": "2024-05-25 05:11:43 +0000"
    },
    "done": true
  },
  "minecraft:recipes/combat/leather_helmet": {
    "criteria": {
      "has_leather": "2024-05-25 05:14:13 +0000"
    },
    "done": true
  },
  "mutantmonsters:root": {
    "criteria": {
      "killed_by_something": "2024-05-25 05:07:13 +0000"
    },
    "done": true
  },
  "takesapillage:root": {
    "criteria": {
      "always": "2024-05-25 05:05:03 +0000"
    },
    "done": true
  },
  "incendium:technical/sentrys_wrath": {
    "criteria": {
      "log_spam_fixer": "2024-05-25 05:28:53 +0000"
    },
    "done": false
  },
  "untamedwilds:zoology/root": {
    "criteria": {
      "patchouli_not_loaded": "2024-05-25 05:06:31 +0000"
    },
    "done": true
  },
  "create:root": {
    "criteria": {
      "0": "2024-05-25 05:11:43 +0000"
    },
    "done": true
  },
  "handcrafted:recipes/misc/creeper_trophy": {
    "criteria": {
      "has_creeper_trophy": "2024-05-25 05:11:43 +0000"
    },
    "done": true
  },
  "minecraft:recipes/building_blocks/stone_bricks_from_stone_stonecutting": {
    "criteria": {
      "has_stone": "2024-05-25 05:11:43 +0000"
    },
    "done": true
  },
  "minecraft:recipes/building_blocks/stone_slab": {
    "criteria": {
      "has_stone": "2024-05-25 05:11:43 +0000"
    },
    "done": true
  },
  "minecraft:recipes/combat/leather_chestplate": {
    "criteria": {
      "has_leather": "2024-05-25 05:14:13 +0000"
    },
    "done": true
  },
  "incendium:technical/on_player_hurt": {
    "criteria": {
      "log_spam_fixer": "2024-05-25 05:28:53 +0000"
    },
    "done": false
  },
  "repurposed_structures:root": {
    "criteria": {
      "always": "2024-05-25 05:05:03 +0000"
    },
    "done": true
  },
  "minecraft:recipes/decorations/crafting_table": {
    "criteria": {
      "unlock_right_away": "2024-05-25 05:05:03 +0000"
    },
    "done": true
  },
  "naturalist:recipes/food/cooked_egg": {
    "criteria": {
      "has_eggs": "2024-05-25 05:11:43 +0000"
    },
    "done": true
  },
  "minecraft:recipes/building_blocks/stone_stairs_from_stone_stonecutting": {
    "criteria": {
      "has_stone": "2024-05-25 05:11:43 +0000"
    },
    "done": true
  },
  "minecraft:recipes/redstone/stone_button": {
    "criteria": {
      "has_stone": "2024-05-25 05:11:43 +0000"
    },
    "done": true
  },
  "minecraft:recipes/redstone/stone_pressure_plate": {
    "criteria": {
      "has_stone": "2024-05-25 05:11:43 +0000"
    },
    "done": true
  },
  "minecraft:recipes/misc/leather_horse_armor": {
    "criteria": {
      "has_leather": "2024-05-25 05:14:13 +0000"
    },
    "done": true
  },
  "irons_spellbooks:grant_patchouli": {
    "criteria": {
      "tick": "2024-05-25 05:05:03 +0000"
    },
    "done": true
  },
  "incendium:technical/new_player": {
    "criteria": {
      "requirement": "2024-05-25 05:05:03 +0000"
    },
    "done": true
  },
  "incendium:technical/on_kill": {
    "criteria": {
      "log_spam_fixer": "2024-05-25 05:28:53 +0000"
    },
    "done": false
  },
  "minecraft:recipes/food/cooked_beef_from_smoking": {
    "criteria": {
      "has_beef": "2024-05-25 05:14:13 +0000"
    },
    "done": true
  },
  "candlelight:recipes/beef_tartare": {
    "criteria": {
      "has_beef": "2024-05-25 05:14:13 +0000"
    },
    "done": true
  },
  "handcrafted:recipes/misc/vindicator_trophy": {
    "criteria": {
      "has_vindicator_trophy": "2024-05-25 05:11:43 +0000"
    },
    "done": true
  },
  "minecraft:recipes/decorations/item_frame": {
    "criteria": {
      "has_leather": "2024-05-25 05:14:13 +0000"
    },
    "done": true
  },
  "farmersdelight:recipes/cooking/pasta_with_meatballs": {
    "criteria": {
      "has_any_ingredient": "2024-05-25 05:14:13 +0000"
    },
    "done": true
  },
  "incendium:technical/on_inventory_change": {
    "criteria": {
      "log_spam_fixer": "2024-05-25 05:28:53 +0000"
    },
    "done": false
  },
  "biomesoplenty:biomesoplenty/root": {
    "criteria": {
      "rocky_shrubland": "2024-05-25 05:05:05 +0000"
    },
    "done": true
  },
  "handcrafted:recipes/misc/evoker_trophy": {
    "criteria": {
      "has_evoker_trophy": "2024-05-25 05:11:43 +0000"
    },
    "done": true
  },
  "bakery:main/root": {
    "criteria": {
      "seeds": "2024-05-25 05:11:43 +0000"
    },
    "done": true
  },
  "minecraft:adventure/root": {
    "criteria": {
      "killed_by_something": "2024-05-25 05:07:13 +0000"
    },
    "done": true
  },
  "incendium:technical/holy_wrath": {
    "criteria": {
      "log_spam_fixer": "2024-05-25 05:28:53 +0000"
    },
    "done": false
  },
  "minecraft:recipes/combat/leather_boots": {
    "criteria": {
      "has_leather": "2024-05-25 05:14:13 +0000"
    },
    "done": true
  },
  "handcrafted:recipes/misc/pillager_trophy": {
    "criteria": {
      "has_pillager_trophy": "2024-05-25 05:11:43 +0000"
    },
    "done": true
  },
  "mcwwindows:recipes/stone": {
    "criteria": {
      "has_wood": "2024-05-25 05:11:43 +0000"
    },
    "done": true
  },
  "incendium:technical/on_block": {
    "criteria": {
      "log_spam_fixer": "2024-05-25 05:28:53 +0000"
    },
    "done": false
  },
  "cfm:recipes/decorations/oak_hedge": {
    "criteria": {
      "has_leaves": "2024-05-25 05:21:38 +0000"
    },
    "done": true
  },
  "incendium:technical/using/shield": {
    "criteria": {
      "log_spam_fixer": "2024-05-25 05:05:05 +0000"
    },
    "done": false
  },
  "handcrafted:recipes/misc/skeleton_trophy": {
    "criteria": {
      "has_skeleton_trophy": "2024-05-25 05:11:43 +0000"
    },
    "done": true
  },
  "supplementaries:recipes/stone_lamp": {
    "criteria": {
      "has_stone": "2024-05-25 05:11:43 +0000"
    },
    "done": true
  },
  "minecraft:recipes/food/cooked_beef": {
    "criteria": {
      "has_beef": "2024-05-25 05:14:13 +0000"
    },
    "done": true
  },
  "vinery:recipes/grass_slab": {
    "criteria": {
      "has_grass_block": "2024-05-25 05:16:29 +0000"
    },
    "done": true
  },
  "minecraft:recipes/building_blocks/stone_stairs": {
    "criteria": {
      "has_stone": "2024-05-25 05:11:43 +0000"
    },
    "done": true
  },
  "minecraft:recipes/combat/leather_leggings": {
    "criteria": {
      "has_leather": "2024-05-25 05:14:13 +0000"
    },
    "done": true
  },
  "handcrafted:recipes/misc/stone_corner_trim": {
    "criteria": {
      "has_stone_corner_trim": "2024-05-25 05:11:43 +0000"
    },
    "done": true
  },
  "incendium:technical/inventory/sentrys_wrath": {
    "criteria": {
      "log_spam_fixer": "2024-05-25 05:28:53 +0000"
    },
    "done": false
  },
  "incendium:technical/feed_ghastling": {
    "criteria": {
      "log_spam_fixer": "2024-05-25 05:28:53 +0000"
    },
    "done": false
  },
  "cfm:recipes/decorations/rock_path": {
    "criteria": {
      "has_stone": "2024-05-25 05:11:43 +0000"
    },
    "done": true
  },
  "biomesoplenty:biomesoplenty/all_biomes": {
    "criteria": {
      "woodland": "2024-05-25 05:14:42 +0000",
      "shrubland": "2024-05-25 05:14:34 +0000",
      "rocky_shrubland": "2024-05-25 05:05:05 +0000",
      "highland": "2024-05-25 05:13:18 +0000",
      "lavender_forest": "2024-05-25 05:13:16 +0000",
      "lavender_field": "2024-05-25 05:13:31 +0000"
    },
    "done": false
  },
  "supplementaries:recipes/sconce": {
    "criteria": {
      "has_torch": "2024-05-25 05:20:03 +0000"
    },
    "done": true
  },
  "minecraft:recipes/misc/bone_meal": {
    "criteria": {
      "has_bone": "2024-05-25 05:14:13 +0000"
    },
    "done": true
  },
  "incendium:technical/firestorm": {
    "criteria": {
      "log_spam_fixer": "2024-05-25 05:28:53 +0000"
    },
    "done": false
  },
  "minecraft:recipes/decorations/stonecutter": {
    "criteria": {
      "has_stone": "2024-05-25 05:11:43 +0000"
    },
    "done": true
  },
  "supplementaries:recipes/bellows": {
    "criteria": {
      "has_leather": "2024-05-25 05:14:13 +0000"
    },
    "done": true
  },
  "minecraft:recipes/building_blocks/smooth_stone": {
    "criteria": {
      "has_stone": "2024-05-25 05:11:43 +0000"
    },
    "done": true
  },
  "incendium:technical/inventory/firestorm": {
    "criteria": {
      "log_spam_fixer": "2024-05-25 05:28:53 +0000"
    },
    "done": false
  },
  "cataclysm:root": {
    "criteria": {
      "custom_test_name": "2024-05-25 05:05:03 +0000"
    },
    "done": true
  },
  "incendium:technical/give_ghastling": {
    "criteria": {
      "log_spam_fixer": "2024-05-25 05:28:53 +0000"
    },
    "done": false
  },
  "minecraft:recipes/decorations/stone_brick_walls_from_stone_stonecutting": {
    "criteria": {
      "has_stone": "2024-05-25 05:11:43 +0000"
    },
    "done": true
  },
  "vinery:main/root": {
    "criteria": {
      "seeds": "2024-05-25 05:11:43 +0000"
    },
    "done": true
  },
  "minecraft:recipes/building_blocks/stone_brick_slab_from_stone_stonecutting": {
    "criteria": {
      "has_stone": "2024-05-25 05:11:43 +0000"
    },
    "done": true
  },
  "incendium:technical/scroll_of_returning": {
    "criteria": {
      "log_spam_fixer": "2024-05-25 05:05:05 +0000"
    },
    "done": false
  },
  "minecraft:recipes/building_blocks/stone_brick_stairs_from_stone_stonecutting": {
    "criteria": {
      "has_stone": "2024-05-25 05:11:43 +0000"
    },
    "done": true
  },
  "incendium:technical/multiplex_crossbow": {
    "criteria": {
      "log_spam_fixer": "2024-05-25 05:28:53 +0000"
    },
    "done": false
  },
  "incendium:technical/using/ragnarok": {
    "criteria": {
      "log_spam_fixer": "2024-05-25 05:05:05 +0000"
    },
    "done": false
  },
  "farmersdelight:recipes/cooking/beef_stew": {
    "criteria": {
      "has_any_ingredient": "2024-05-25 05:14:13 +0000"
    },
    "done": true
  },
  "minecraft:recipes/building_blocks/stone_slab_from_stone_stonecutting": {
    "criteria": {
      "has_stone": "2024-05-25 05:11:43 +0000"
    },
    "done": true
  },
  "minecraft:recipes/food/cooked_beef_from_grill_cooking": {
    "criteria": {
      "has_beef": "2024-05-25 05:14:13 +0000"
    },
    "done": true
  },
  "handcrafted:recipes/misc/witch_trophy": {
    "criteria": {
      "has_witch_trophy": "2024-05-25 05:11:43 +0000"
    },
    "done": true
  },
  "farmersdelight:main/root": {
    "criteria": {
      "seeds": "2024-05-25 05:11:43 +0000"
    },
    "done": true
  },
  "farmersdelight:recipes/cooking/bone_broth": {
    "criteria": {
      "has_bone": "2024-05-25 05:14:13 +0000"
    },
    "done": true
  },
  "minecraft:recipes/building_blocks/chiseled_stone_bricks_stone_from_stonecutting": {
    "criteria": {
      "has_stone": "2024-05-25 05:11:43 +0000"
    },
    "done": true
  },
  "handcrafted:recipes/misc/stone_pillar_trim": {
    "criteria": {
      "has_stone_pillar_trim": "2024-05-25 05:11:43 +0000"
    },
    "done": true
  },
  "incendium:technical/using/trailblazer": {
    "criteria": {
      "log_spam_fixer": "2024-05-25 05:05:05 +0000"
    },
    "done": false
  },
  "mcwwindows:recipes/arrow_slits_gothic": {
    "criteria": {
      "has_wood": "2024-05-25 05:11:43 +0000"
    },
    "done": true
  },
  "minecraft:adventure/adventuring_time": {
    "criteria": {
      "minecraft:old_growth_spruce_taiga": "2024-05-25 05:15:06 +0000"
    },
    "done": false
  },
  "candlelight:main/root": {
    "criteria": {
      "seeds": "2024-05-25 05:11:43 +0000"
    },
    "done": true
  },
  "untamedwilds:zoology/yee_haw": {
    "criteria": {
      "riding_bison": "2024-05-25 05:06:31 +0000"
    },
    "done": true
  },
  "minecraft:recipes/food/cooked_beef_from_campfire_cooking": {
    "criteria": {
      "has_beef": "2024-05-25 05:14:13 +0000"
    },
    "done": true
  },
  "DataVersion": 3465
}